Season,Team,W,L,Finish,Age,Ht.,Wt.,G,MP,FG,FGA,FG%,3P,3PA,3P%,2P,2PA,2P%,FT,FTA,FT%,ORB,DRB,TRB,AST,STL,BLK,TOV,PF,PTS
2023-24,Atlanta Hawks,36,46,10,26.2,6'6,211,82,19855,3529,7584,0.465,1125,3092,0.364,2404,4492,0.535,1520,1906,0.797,1024,2639,3663,2180,615,369,1110,1522,9703
2022-23,Atlanta Hawks,41,41,7,24.9,6'6,210,82,19855,3658,7574,0.483,882,2505,0.352,2776,5069,0.548,1513,1850,0.818,920,2719,3639,2049,580,401,1060,1541,9711
2021-22,Atlanta Hawks,43,39,8,26.1,6'6,211,82,19705,3401,7241,0.47,1056,2821,0.374,2345,4420,0.531,1485,1829,0.812,823,2783,3606,2017,587,348,972,1534,9343
2020-21,Atlanta Hawks,41,31,5,25.4,6'6,212,72,17405,2937,6281,0.468,895,2402,0.373,2042,3879,0.526,1417,1745,0.812,760,2525,3285,1737,503,342,953,1392,8186
2019-20,Atlanta Hawks,20,47,14,24.1,6'6,213,67,16280,2723,6067,0.449,805,2416,0.333,1918,3651,0.525,1237,1566,0.79,661,2237,2898,1605,523,341,1086,1548,7488
2018-19,Atlanta Hawks,29,53,12,25.1,6'6,213,82,19855,3392,7524,0.451,1067,3034,0.352,2325,4490,0.518,1443,1918,0.752,955,2825,3780,2118,675,419,1397,1932,9294
2017-18,Atlanta Hawks,24,58,15,25.4,6'6,212,82,19705,3130,7015,0.446,917,2544,0.36,2213,4471,0.495,1298,1654,0.785,743,2693,3436,1946,638,348,1275,1606,8475
2016-17,Atlanta Hawks,43,39,5,27.9,6'6,219,82,19880,3123,6918,0.451,729,2137,0.341,2394,4781,0.501,1484,2039,0.728,842,2793,3635,1938,672,397,1294,1491,8459
2015-16,Atlanta Hawks,48,34,4,28.2,6'6,217,82,19830,3168,6923,0.458,815,2326,0.35,2353,4597,0.512,1282,1638,0.783,679,2772,3451,2100,747,486,1226,1570,8433
2014-15,Atlanta Hawks,60,22,1,27.8,6'6,218,82,19730,3121,6699,0.466,818,2152,0.38,2303,4547,0.506,1349,1735,0.778,715,2611,3326,2111,744,380,1167,1457,8409
2023-24,Boston Celtics,64,18,1,28.2,6'7,216,82,19830,3601,7396,0.487,1351,3482,0.388,2250,3914,0.575,1334,1654,0.807,876,2923,3799,2207,557,538,979,1326,9887
2022-23,Boston Celtics,57,25,2,27.4,6'6,222,82,19980,3460,7278,0.475,1315,3492,0.377,2145,3786,0.567,1436,1769,0.812,796,2921,3717,2186,521,430,1095,1542,9671
2021-22,Boston Celtics,51,31,2,26.1,6'5,218,82,19905,3341,7167,0.466,1085,3044,0.356,2256,4123,0.547,1397,1713,0.816,863,2915,3778,2036,591,478,1118,1521,9164
2020-21,Boston Celtics,36,36,7,25.1,6'5,220,72,17380,2985,6401,0.466,979,2618,0.374,2006,3783,0.53,1160,1496,0.775,765,2421,3186,1689,556,383,1012,1471,8109
2019-20,Boston Celtics,48,24,3,25.3,6'5,221,72,17430,2971,6448,0.461,905,2487,0.364,2066,3961,0.522,1336,1668,0.801,768,2549,3317,1655,595,406,995,1553,8183
2018-19,Boston Celtics,49,33,4,25.7,6'5,220,82,19780,3451,7423,0.465,1032,2829,0.365,2419,4594,0.527,1282,1598,0.802,804,2849,3653,2155,706,435,1052,1670,9216
2017-18,Boston Celtics,55,27,2,24.7,6'6,221,82,19805,3141,6975,0.45,939,2492,0.377,2202,4483,0.491,1308,1697,0.771,767,2878,3645,1842,604,373,1149,1618,8529
2016-17,Boston Celtics,53,29,1,25.9,6'5,219,82,19755,3168,6978,0.454,985,2742,0.359,2183,4236,0.515,1536,1903,0.807,744,2698,3442,2069,617,340,1088,1686,8857
2015-16,Boston Celtics,48,34,5,25.2,6'5,220,82,19780,3216,7318,0.439,717,2142,0.335,2499,5176,0.483,1520,1929,0.788,950,2733,3683,1981,752,348,1127,1796,8669
2014-15,Boston Celtics,40,42,7,25,6'6,221,82,19880,3193,7211,0.443,660,2021,0.327,2533,5190,0.488,1266,1678,0.754,910,2685,3595,2009,674,294,1133,1738,8312
2023-24,Brooklyn Nets,32,50,11,26.1,6'6,215,82,19805,3334,7307,0.456,1089,3010,0.362,2245,4297,0.522,1293,1711,0.756,938,2675,3613,2102,556,424,1076,1516,9050
2022-23,Brooklyn Nets,45,37,6,28,6'6,216,82,19730,3399,6978,0.487,1048,2771,0.378,2351,4207,0.559,1449,1811,0.8,674,2648,3322,2093,585,506,1127,1730,9295
2021-22,Brooklyn Nets,44,38,7,29.1,6'6,217,82,19755,3442,7251,0.475,940,2602,0.361,2502,4649,0.538,1434,1781,0.805,844,2796,3640,2071,582,448,1153,1670,9258
2020-21,Brooklyn Nets,48,24,2,28.2,6'6,219,72,17405,3106,6289,0.494,1020,2600,0.392,2086,3689,0.565,1305,1623,0.804,640,2559,3199,1929,484,379,975,1371,8537
2019-20,Brooklyn Nets,35,37,7,26.3,6'6,220,72,17480,2908,6498,0.448,941,2746,0.343,1967,3752,0.524,1291,1732,0.745,766,2683,3449,1761,464,323,1099,1510,8048
2018-19,Brooklyn Nets,42,40,6,25.4,6'6,216,82,19980,3301,7358,0.449,1047,2965,0.353,2254,4393,0.513,1555,2088,0.745,900,2919,3819,1954,539,339,1236,1763,9204
2017-18,Brooklyn Nets,28,54,12,25.1,6'7,218,82,19855,3136,7114,0.441,1041,2924,0.356,2095,4190,0.5,1428,1850,0.772,792,2852,3644,1941,512,390,1245,1688,8741
2016-17,Brooklyn Nets,20,62,15,26,6'7,224,82,19755,3102,6987,0.444,877,2591,0.338,2225,4396,0.506,1592,2020,0.788,721,2879,3600,1756,593,387,1356,1726,8673
2015-16,Brooklyn Nets,21,61,14,26.9,6'6,220,82,19755,3136,6920,0.453,531,1508,0.352,2605,5412,0.481,1286,1699,0.757,863,2614,3477,1829,627,332,1212,1476,8089
2014-15,Brooklyn Nets,38,44,8,28.6,6'7,224,82,19930,3069,6804,0.451,541,1633,0.331,2528,5171,0.489,1359,1817,0.748,846,2627,3473,1716,576,340,1133,1579,8038
2023-24,Charlotte Hornets,21,61,13,25.1,6'7,210,82,19730,3281,7133,0.46,989,2788,0.355,2292,4345,0.528,1189,1512,0.786,765,2538,3303,2033,562,371,1129,1472,8740
2022-23,Charlotte Hornets,27,55,14,25.3,6'6,212,82,19830,3385,7413,0.457,881,2669,0.33,2504,4744,0.528,1447,1933,0.749,901,2751,3652,2062,634,425,1164,1661,9098
2021-22,Charlotte Hornets,43,39,10,25.5,6'6,211,82,19880,3508,7497,0.468,1143,3130,0.365,2365,4367,0.542,1298,1753,0.74,888,2767,3655,2302,707,402,1087,1629,9457
2020-21,Charlotte Hornets,33,39,10,24.6,6'5,213,72,17355,2875,6324,0.455,985,2666,0.369,1890,3658,0.517,1146,1505,0.761,762,2389,3151,1933,565,344,1069,1298,7881
2019-20,Charlotte Hornets,23,42,9,24.3,6'5,217,65,15750,2425,5586,0.434,785,2231,0.352,1640,3355,0.489,1052,1406,0.748,715,2066,2781,1549,428,268,949,1223,6687
2018-19,Charlotte Hornets,39,43,9,26.6,6'5,215,82,19830,3297,7362,0.448,977,2783,0.351,2320,4579,0.507,1510,1895,0.797,814,2778,3592,1905,591,405,1001,1550,9081
2017-18,Charlotte Hornets,36,46,10,26.6,6'7,218,82,19780,3197,7106,0.45,824,2233,0.369,2373,4873,0.487,1656,2216,0.747,827,2901,3728,1770,559,373,1041,1409,8874
2016-17,Charlotte Hornets,36,46,11,26.5,6'7,215,82,19830,3093,7000,0.442,824,2347,0.351,2269,4653,0.488,1591,1953,0.815,721,2853,3574,1891,571,390,942,1360,8601
2015-16,Charlotte Hornets,48,34,6,26,6'7,216,82,19855,3036,6922,0.439,873,2410,0.362,2163,4512,0.479,1534,1941,0.79,734,2869,3603,1778,595,438,1029,1487,8479
2014-15,Charlotte Hornets,33,49,11,26,6'6,220,82,19905,2913,6932,0.42,498,1566,0.318,2415,5366,0.45,1397,1867,0.748,820,2793,3613,1654,499,448,976,1494,7721
2023-24,Chicago Bulls,39,43,9,28.1,6'6,216,82,19980,3448,7339,0.47,941,2630,0.358,2507,4709,0.532,1369,1731,0.791,916,2677,3593,2048,638,394,1004,1541,9206
2022-23,Chicago Bulls,40,42,9,27.5,6'6,214,82,19905,3488,7116,0.49,854,2367,0.361,2634,4749,0.555,1446,1788,0.809,694,2779,3473,2006,644,371,1097,1551,9276
2021-22,Chicago Bulls,46,36,6,26.3,6'6,213,82,19730,3422,7127,0.48,872,2364,0.369,2550,4763,0.535,1436,1766,0.813,711,2760,3471,1958,585,336,1053,1540,9152
2020-21,Chicago Bulls,31,41,11,25.6,6'6,218,72,17380,3035,6380,0.476,904,2446,0.37,2131,3934,0.542,995,1258,0.791,693,2544,3237,1927,482,304,1089,1362,7969
2019-20,Chicago Bulls,22,43,11,24.4,6'7,219,65,15675,2573,5762,0.447,793,2282,0.348,1780,3480,0.511,1006,1332,0.755,680,2041,2721,1510,652,265,1005,1417,6945
2018-19,Chicago Bulls,22,60,13,24,6'6,219,82,19905,3266,7205,0.453,745,2123,0.351,2521,5082,0.496,1328,1695,0.783,718,2799,3517,1796,603,351,1159,1663,8605
2017-18,Chicago Bulls,27,55,13,24.4,6'7,216,82,19855,3170,7285,0.435,906,2549,0.355,2264,4736,0.478,1194,1574,0.759,790,2873,3663,1923,626,289,1147,1571,8440
2016-17,Chicago Bulls,41,41,8,26.9,6'7,221,82,19780,3169,7141,0.444,623,1831,0.34,2546,5310,0.479,1474,1848,0.798,999,2797,3796,1851,643,393,1112,1455,8435
2015-16,Chicago Bulls,42,40,9,27.6,6'7,215,82,19905,3165,7170,0.441,651,1753,0.371,2514,5417,0.464,1354,1720,0.787,907,2889,3796,1870,495,470,1141,1545,8335
2014-15,Chicago Bulls,50,32,3,28.8,6'7,210,82,19880,3001,6797,0.442,645,1825,0.353,2356,4972,0.474,1618,2067,0.783,959,2792,3751,1781,514,476,1145,1495,8265
2023-24,Cleveland Cavaliers,48,34,4,26.2,6'6,218,82,19805,3425,7148,0.479,1108,3016,0.367,2317,4132,0.561,1278,1671,0.765,807,2742,3549,2299,605,380,1112,1436,9236
2022-23,Cleveland Cavaliers,51,31,4,25.4,6'6,219,82,19880,3408,6984,0.488,950,2589,0.367,2458,4395,0.559,1439,1844,0.78,795,2574,3369,2045,586,384,1094,1560,9205
2021-22,Cleveland Cavaliers,44,38,9,24.7,6'6,220,82,19730,3255,6940,0.469,953,2686,0.355,2302,4254,0.541,1376,1810,0.76,837,2786,3623,2064,580,343,1181,1433,8839
2020-21,Cleveland Cavaliers,22,50,13,24,6'6,223,72,17430,2778,6175,0.45,720,2141,0.336,2058,4034,0.51,1200,1614,0.743,751,2327,3078,1716,559,325,1114,1308,7476
2019-20,Cleveland Cavaliers,19,46,15,25,6'5,221,65,15725,2619,5715,0.458,727,2070,0.351,1892,3645,0.519,983,1296,0.758,704,2172,2876,1500,447,211,1073,1188,6948
2018-19,Cleveland Cavaliers,19,63,14,25.2,6'6,219,82,19755,3189,7184,0.444,847,2388,0.355,2342,4796,0.488,1342,1694,0.792,879,2619,3498,1698,534,195,1106,1642,8567
2017-18,Cleveland Cavaliers,50,32,4,30.6,6'6,227,82,19730,3311,6950,0.476,981,2636,0.372,2330,4314,0.54,1488,1909,0.779,694,2761,3455,1916,582,312,1126,1524,9091
2016-17,Cleveland Cavaliers,51,31,2,29.2,6'6,228,82,19880,3275,6963,0.47,1067,2779,0.384,2208,4184,0.528,1431,1913,0.748,766,2821,3587,1858,539,327,1121,1486,9048
2015-16,Cleveland Cavaliers,57,25,1,28.1,6'7,231,82,19855,3171,6888,0.46,880,2428,0.362,2291,4460,0.514,1333,1783,0.748,873,2777,3650,1861,551,317,1114,1666,8555
2014-15,Cleveland Cavaliers,53,29,2,26.9,6'7,225,82,19780,3089,6739,0.458,826,2253,0.367,2263,4486,0.504,1453,1934,0.751,911,2612,3523,1814,603,340,1171,1510,8457
2023-24,Dallas Mavericks,50,32,5,26.5,6'6,217,82,19705,3535,7352,0.481,1197,3242,0.369,2338,4110,0.569,1397,1842,0.758,797,2724,3521,2106,563,406,1027,1500,9664
2022-23,Dallas Mavericks,38,44,11,27.8,6'6,215,82,19930,3283,6909,0.475,1246,3362,0.371,2037,3547,0.574,1554,2057,0.755,625,2556,3181,1880,514,304,1002,1697,9366
2021-22,Dallas Mavericks,52,30,4,26.7,6'6,218,82,19755,3222,6982,0.461,1073,3063,0.35,2149,3919,0.548,1341,1739,0.771,759,2769,3528,1918,552,325,1025,1612,8858
2020-21,Dallas Mavericks,42,30,5,26.3,6'7,219,72,17305,2958,6287,0.47,994,2744,0.362,1964,3543,0.554,1186,1524,0.778,657,2463,3120,1647,450,311,869,1396,8096
2019-20,Dallas Mavericks,43,32,7,26.1,6'6,217,75,18175,3124,6772,0.461,1136,3095,0.367,1988,3677,0.541,1392,1787,0.779,791,2729,3520,1849,460,363,953,1462,8776
2018-19,Dallas Mavericks,33,49,14,26.9,6'6,222,82,19780,3182,7122,0.447,1022,3002,0.34,2160,4120,0.524,1541,2076,0.742,832,2884,3716,1918,533,351,1167,1650,8927
2017-18,Dallas Mavericks,24,58,13,27.7,6'6,213,82,19805,3128,7042,0.444,967,2688,0.36,2161,4354,0.496,1167,1530,0.763,666,2717,3383,1858,578,310,1007,1578,8390
2016-17,Dallas Mavericks,33,49,11,27.6,6'6,214,82,19780,2968,6750,0.44,878,2473,0.355,2090,4277,0.489,1215,1516,0.801,647,2516,3163,1705,614,307,972,1567,8029
2015-16,Dallas Mavericks,42,40,6,30.3,6'6,223,82,20005,3064,6900,0.444,806,2342,0.344,2258,4558,0.495,1454,1831,0.794,751,2781,3532,1813,560,306,1047,1595,8388
2014-15,Dallas Mavericks,50,32,7,29.9,6'6,207,82,19880,3255,7036,0.463,732,2082,0.352,2523,4954,0.509,1386,1843,0.752,858,2608,3466,1846,663,371,1062,1644,8628
2023-24,Denver Nuggets,57,25,2,27.1,6'7,224,82,19705,3610,7279,0.496,958,2560,0.374,2652,4719,0.562,1240,1628,0.762,881,2763,3644,2415,585,457,1036,1489,9418
2022-23,Denver Nuggets,53,29,1,26.6,6'6,225,82,19755,3574,7088,0.504,969,2559,0.379,2605,4529,0.575,1378,1834,0.751,828,2699,3527,2368,618,368,1192,1525,9495
2021-22,Denver Nuggets,48,34,6,27.7,6'5,217,82,19805,3416,7079,0.483,1039,2944,0.353,2377,4135,0.575,1372,1725,0.795,752,2865,3617,2279,592,305,1189,1639,9243
2020-21,Denver Nuggets,47,25,3,26.1,6'6,222,72,17480,3114,6422,0.485,927,2462,0.377,2187,3960,0.552,1129,1406,0.803,758,2442,3200,1933,582,323,972,1374,8284
2019-20,Denver Nuggets,46,27,3,25.6,6'6,221,73,17745,3069,6488,0.473,801,2234,0.359,2268,4254,0.533,1185,1526,0.777,786,2436,3222,1952,586,337,1005,1485,8124
2018-19,Denver Nuggets,54,28,2,24.9,6'6,224,82,19730,3439,7384,0.466,903,2571,0.351,2536,4813,0.527,1294,1714,0.755,972,2832,3804,2245,634,363,1102,1644,9075
2017-18,Denver Nuggets,46,36,9,25.1,6'7,218,82,19880,3338,7102,0.47,940,2536,0.371,2398,4566,0.525,1404,1830,0.767,902,2748,3650,2059,627,404,1226,1533,9020
2016-17,Denver Nuggets,40,42,9,25.2,6'6,218,82,19755,3377,7194,0.469,870,2365,0.368,2507,4829,0.519,1537,1986,0.774,966,2837,3803,2077,568,323,1226,1567,9161
2015-16,Denver Nuggets,33,49,11,24.7,6'6,215,82,19830,3093,7003,0.442,656,1943,0.338,2437,5060,0.482,1513,1974,0.766,941,2718,3659,1858,609,395,1202,1723,8355
2014-15,Denver Nuggets,30,52,12,26.4,6'6,219,82,19880,3099,7158,0.433,660,2032,0.325,2439,5126,0.476,1462,1991,0.734,1012,2653,3665,1788,641,367,1166,1882,8320
2023-24,Detroit Pistons,14,68,15,23.8,6'6,218,82,19755,3353,7236,0.463,906,2602,0.348,2447,4634,0.528,1398,1780,0.785,861,2692,3553,2088,531,384,1248,1688,9010
2022-23,Detroit Pistons,17,65,15,24.1,6'6,218,82,19805,3244,7140,0.454,934,2659,0.351,2310,4481,0.516,1623,2106,0.771,916,2564,3480,1884,574,308,1237,1813,9045
2021-22,Detroit Pistons,23,59,14,23.6,6'6,215,82,19780,3129,7267,0.431,925,2838,0.326,2204,4429,0.498,1413,1806,0.782,900,2625,3525,1924,630,393,1163,1799,8596
2020-21,Detroit Pistons,20,52,15,24.5,6'6,217,72,17430,2783,6162,0.452,832,2370,0.351,1951,3792,0.515,1278,1683,0.759,694,2381,3075,1743,531,371,1075,1477,7676
2019-20,Detroit Pistons,20,46,13,25.9,6'6,218,66,15965,2595,5658,0.459,791,2157,0.367,1804,3501,0.515,1097,1476,0.743,644,2109,2753,1589,490,299,1008,1299,7078
2018-19,Detroit Pistons,41,41,8,26.9,6'5,225,82,19855,3185,7238,0.44,993,2854,0.348,2192,4384,0.5,1415,1893,0.747,936,2752,3688,1845,569,331,1135,1811,8778
2017-18,Detroit Pistons,39,43,9,25.9,6'6,224,82,19805,3208,7129,0.45,886,2373,0.373,2322,4756,0.488,1207,1621,0.745,830,2756,3586,1868,628,317,1102,1508,8509
2016-17,Detroit Pistons,37,45,10,25.4,6'7,229,82,19805,3269,7282,0.449,631,1915,0.33,2638,5367,0.492,1140,1586,0.719,908,2838,3746,1732,574,310,973,1467,8309
2015-16,Detroit Pistons,44,38,8,25,6'7,230,82,19880,3111,7087,0.439,740,2148,0.345,2371,4939,0.48,1399,2095,0.668,1021,2777,3798,1594,573,304,1110,1557,8361
2014-15,Detroit Pistons,32,50,12,25.9,6'6,222,82,19830,3041,7038,0.432,703,2043,0.344,2338,4995,0.468,1292,1838,0.703,1051,2630,3681,1771,623,383,1099,1559,8077
2023-24,Golden State Warriors,46,36,10,28.4,6'5,207,82,19830,3582,7515,0.477,1211,3191,0.38,2371,4324,0.548,1282,1644,0.78,996,2834,3830,2402,572,377,1174,1598,9657
2022-23,Golden State Warriors,44,38,6,27.3,6'5,209,82,19830,3538,7393,0.479,1363,3540,0.385,2175,3853,0.564,1314,1655,0.794,864,2793,3657,2446,588,323,1336,1757,9753
2021-22,Golden State Warriors,53,29,3,27.6,6'5,205,82,19730,3323,7087,0.469,1176,3231,0.364,2147,3856,0.557,1280,1665,0.769,800,2930,3730,2223,719,372,1221,1723,9102
2020-21,Golden State Warriors,39,33,9,26.7,6'5,207,72,17305,2973,6347,0.468,1048,2789,0.376,1925,3558,0.541,1193,1520,0.785,574,2524,3098,1991,587,342,1080,1526,8187
2019-20,Golden State Warriors,15,50,15,24.4,6'6,219,65,15725,2510,5730,0.438,678,2032,0.334,1832,3698,0.495,1214,1511,0.803,647,2138,2785,1663,534,299,969,1304,6912
2018-19,Golden State Warriors,57,25,1,28.4,6'6,218,82,19805,3612,7361,0.491,1087,2824,0.385,2525,4537,0.557,1339,1672,0.801,797,2990,3787,2413,625,525,1169,1757,9650
2017-18,Golden State Warriors,58,24,2,28.8,6'7,221,82,19730,3509,6981,0.503,926,2370,0.391,2583,4611,0.56,1360,1668,0.815,691,2877,3568,2402,656,612,1265,1607,9304
2016-17,Golden State Warriors,67,15,1,28.2,6'7,219,82,19780,3532,7140,0.495,982,2562,0.383,2550,4578,0.557,1457,1850,0.788,770,2873,3643,2491,785,555,1211,1585,9503
2015-16,Golden State Warriors,73,9,1,27.4,6'6,213,82,19880,3489,7159,0.487,1077,2592,0.416,2412,4567,0.528,1366,1790,0.763,816,2972,3788,2373,689,498,1245,1701,9421
2014-15,Golden State Warriors,67,15,1,26.6,6'7,212,82,19730,3410,7137,0.478,883,2217,0.398,2527,4920,0.514,1313,1709,0.768,853,2814,3667,2248,762,496,1185,1628,9016
2023-24,Houston Rockets,41,41,11,25.1,6'6,214,82,19855,3425,7459,0.459,1043,2964,0.352,2382,4495,0.53,1482,1916,0.773,940,2787,3727,2035,639,375,1045,1702,9375
2022-23,Houston Rockets,22,60,14,22.1,6'6,214,82,19755,3329,7287,0.457,856,2619,0.327,2473,4668,0.53,1567,2078,0.754,1100,2695,3795,1835,600,374,1332,1679,9081
2021-22,Houston Rockets,20,62,15,24.1,6'5,212,82,19755,3229,7083,0.456,1105,3170,0.349,2124,3913,0.543,1434,2010,0.713,786,2660,3446,1932,600,382,1351,1692,8997
2020-21,Houston Rockets,17,55,15,26.5,6'5,219,72,17305,2826,6372,0.444,992,2923,0.339,1834,3449,0.532,1189,1606,0.74,671,2396,3067,1699,546,361,1060,1407,7833
2019-20,Houston Rockets,44,28,4,29.2,6'5,218,72,17380,2936,6512,0.451,1126,3261,0.345,1810,3251,0.557,1484,1876,0.791,704,2484,3188,1557,627,371,1057,1566,8482
2018-19,Houston Rockets,53,29,4,29.2,6'5,219,82,19830,3218,7163,0.449,1323,3721,0.356,1895,3442,0.551,1582,2001,0.791,836,2613,3449,1741,700,405,1094,1803,9341
2017-18,Houston Rockets,65,17,1,29.8,6'6,223,82,19755,3174,6906,0.46,1256,3470,0.362,1918,3436,0.558,1609,2061,0.781,739,2825,3564,1767,699,392,1135,1597,9213
2016-17,Houston Rockets,55,27,3,27.4,6'6,219,82,19780,3305,7152,0.462,1181,3306,0.357,2124,3846,0.552,1667,2177,0.766,892,2746,3638,2070,670,352,1240,1634,9458
2015-16,Houston Rockets,41,41,8,27.8,6'6,217,82,19830,3094,6847,0.452,878,2533,0.347,2216,4314,0.514,1671,2407,0.694,930,2601,3531,1821,821,430,1307,1790,8737
2014-15,Houston Rockets,56,26,2,27.6,6'6,211,82,19805,3032,6832,0.444,933,2680,0.348,2099,4152,0.506,1525,2133,0.715,958,2624,3582,1820,777,407,1366,1803,8522
2023-24,Indiana Pacers,47,35,6,25.3,6'6,212,82,19705,3855,7599,0.507,1082,2891,0.374,2773,4708,0.589,1318,1685,0.782,827,2578,3405,2522,631,481,1059,1756,10110
2022-23,Indiana Pacers,35,47,11,24.5,6'6,210,82,19755,3444,7345,0.469,1112,3030,0.367,2332,4315,0.54,1535,1944,0.79,832,2575,3407,2213,631,478,1225,1741,9535
2021-22,Indiana Pacers,25,57,13,26,6'6,213,82,19880,3398,7338,0.463,997,2899,0.344,2401,4439,0.541,1347,1754,0.768,925,2671,3596,2081,582,457,1183,1675,9140
2020-21,Indiana Pacers,34,38,9,26.5,6'5,213,72,17455,3115,6567,0.474,889,2445,0.364,2226,4122,0.54,1183,1493,0.792,648,2424,3072,1973,611,460,975,1453,8302
2019-20,Indiana Pacers,45,28,4,25.6,6'6,214,73,17620,3075,6457,0.476,743,2046,0.363,2332,4411,0.529,1096,1393,0.787,636,2489,3125,1888,543,376,967,1445,7989
2018-19,Indiana Pacers,48,34,5,27,6'6,220,82,19705,3390,7135,0.475,779,2081,0.374,2611,5054,0.517,1298,1727,0.752,762,2766,3528,2128,713,404,1122,1594,8857
2017-18,Indiana Pacers,48,34,5,26.2,6'6,217,82,19755,3345,7083,0.472,741,2010,0.369,2604,5073,0.513,1225,1573,0.779,788,2684,3472,1819,721,340,1088,1544,8656
2016-17,Indiana Pacers,42,40,7,27,6'6,220,82,19855,3221,6931,0.465,709,1885,0.376,2512,5046,0.498,1467,1811,0.81,742,2702,3444,1844,669,409,1130,1597,8618
2015-16,Indiana Pacers,45,37,7,26.9,6'6,218,82,19880,3142,6985,0.45,663,1889,0.351,2479,5096,0.486,1430,1872,0.764,847,2779,3626,1741,742,391,1219,1641,8377
2014-15,Indiana Pacers,38,44,9,28.3,6'7,221,82,19855,2998,6824,0.439,612,1740,0.352,2386,5084,0.469,1373,1817,0.756,856,2822,3678,1757,505,375,1147,1742,7981
2023-24,LA Clippers,51,31,4,30.4,6'6,220,82,19705,3473,7108,0.489,1036,2719,0.381,2437,4389,0.555,1499,1817,0.825,822,2701,3523,2097,640,413,1078,1519,9481
2022-23,LA Clippers,44,38,5,29.7,6'6,219,82,19830,3370,7059,0.477,1041,2735,0.381,2329,4324,0.539,1533,1962,0.781,803,2742,3545,1959,580,364,1167,1598,9314
2021-22,LA Clippers,42,40,9,27.5,6'6,218,82,19780,3285,7170,0.458,1047,2802,0.374,2238,4368,0.512,1273,1606,0.793,747,2860,3607,1969,608,406,1126,1528,8890
2020-21,LA Clippers,47,25,4,28.8,6'6,217,72,17280,3009,6242,0.482,1027,2498,0.411,1982,3744,0.529,1164,1387,0.839,678,2501,3179,1756,509,295,950,1383,8209
2019-20,LA Clippers,49,23,2,27.4,6'6,213,72,17380,2992,6425,0.466,895,2410,0.371,2097,4015,0.522,1498,1894,0.791,767,2664,3431,1708,511,338,1051,1594,8377
2018-19,LA Clippers,48,34,8,27.2,6'6,209,82,19830,3384,7178,0.471,821,2118,0.388,2563,5060,0.507,1853,2340,0.792,796,2936,3732,1970,561,385,1193,1913,9442
2017-18,LA Clippers,42,40,10,27,6'6,218,82,19705,3302,7004,0.471,777,2196,0.354,2525,4808,0.525,1556,2095,0.743,832,2766,3598,1832,628,373,1204,1638,8937
2016-17,LA Clippers,51,31,4,30,6'6,220,82,19755,3242,6820,0.475,841,2245,0.375,2401,4575,0.525,1586,2128,0.745,738,2790,3528,1848,612,347,1062,1626,8911
2015-16,LA Clippers,53,29,4,29.7,6'6,217,82,19830,3141,6759,0.465,797,2190,0.364,2344,4569,0.513,1490,2152,0.692,721,2727,3448,1873,709,460,1063,1746,8569
2014-15,LA Clippers,56,26,3,28.8,6'6,220,82,19730,3228,6830,0.473,827,2202,0.376,2401,4628,0.519,1468,2067,0.71,784,2711,3495,2031,640,409,1012,1749,8751
2023-24,LA Lakers,47,35,7,28,6'7,221,82,19855,3580,7177,0.499,969,2572,0.377,2611,4605,0.567,1550,1983,0.782,676,2859,3535,2340,605,453,1146,1283,9679
2022-23,LA Lakers,43,39,7,27.9,6'5,212,82,19880,3516,7298,0.482,885,2558,0.346,2631,4740,0.555,1691,2182,0.775,818,2930,3748,2072,526,378,1154,1466,9608
2021-22,LA Lakers,33,49,11,30.2,6'5,221,82,19980,3415,7279,0.469,982,2826,0.347,2433,4453,0.546,1380,1884,0.732,782,2826,3608,1968,626,425,1191,1654,9192
2020-21,LA Lakers,42,30,7,28.2,6'6,223,72,17455,2925,6197,0.472,796,2248,0.354,2129,3949,0.539,1241,1679,0.739,695,2490,3185,1775,562,386,1095,1377,7887
2019-20,LA Lakers,52,19,1,29.5,6'7,224,71,17090,3006,6269,0.48,782,2242,0.349,2224,4027,0.552,1260,1728,0.729,757,2490,3247,1803,612,468,1077,1471,8054
2018-19,LA Lakers,37,45,10,26.2,6'7,218,82,19780,3491,7425,0.47,847,2541,0.333,2644,4884,0.541,1336,1910,0.699,835,2985,3820,2096,618,440,1284,1701,9165
2017-18,LA Lakers,35,47,11,23.7,6'7,216,82,19905,3338,7248,0.461,822,2384,0.345,2516,4864,0.517,1364,1910,0.714,876,2927,3803,1949,633,388,1295,1736,8862
2016-17,LA Lakers,26,56,14,25.1,6'7,216,82,19705,3224,7164,0.45,730,2110,0.346,2494,5054,0.493,1397,1853,0.754,933,2636,3569,1716,674,320,1243,1698,8575
2015-16,LA Lakers,17,65,15,26.5,6'7,219,82,19730,2880,6956,0.414,639,2016,0.317,2241,4940,0.454,1583,2028,0.781,878,2645,3523,1478,593,337,1124,1662,7982
2014-15,LA Lakers,21,61,14,27,6'7,218,82,19930,3054,7020,0.435,532,1546,0.344,2522,5474,0.461,1433,1935,0.741,952,2647,3599,1715,578,366,1086,1741,8073
2023-24,Memphis Grizzlies,27,55,13,24.4,6'6,220,82,19780,3145,7230,0.435,1071,3097,0.346,2074,4133,0.502,1316,1722,0.764,896,2598,3494,2025,673,501,1236,1563,8677
2022-23,Memphis Grizzlies,51,31,2,24.4,6'6,220,82,19780,3585,7551,0.475,985,2807,0.351,2600,4744,0.548,1432,1954,0.733,988,2835,3823,2135,680,473,1116,1643,9587
2021-22,Memphis Grizzlies,56,26,2,24,6'6,219,82,19780,3571,7739,0.461,945,2679,0.353,2626,5060,0.519,1393,1898,0.734,1159,2873,4032,2131,800,533,1082,1620,9480
2020-21,Memphis Grizzlies,38,34,8,24.2,6'6,217,72,17405,3085,6608,0.467,803,2258,0.356,2282,4350,0.525,1184,1536,0.771,803,2543,3346,1938,655,364,957,1349,8157
2019-20,Memphis Grizzlies,34,39,9,24.1,6'6,220,73,17570,3106,6634,0.468,798,2297,0.347,2308,4337,0.532,1212,1589,0.763,754,2643,3397,1965,576,398,1113,1546,8222
2018-19,Memphis Grizzlies,33,49,12,27.7,6'6,213,82,19880,3113,6924,0.45,811,2368,0.342,2302,4556,0.505,1453,1882,0.772,723,2703,3426,1963,684,448,1147,1801,8490
2017-18,Memphis Grizzlies,22,60,14,26,6'7,220,82,19705,3013,6788,0.444,758,2152,0.352,2255,4636,0.486,1361,1732,0.786,779,2544,3323,1767,613,396,1227,1900,8145
2016-17,Memphis Grizzlies,43,39,7,29.5,6'7,221,82,19905,2984,6854,0.435,767,2169,0.354,2217,4685,0.473,1504,1918,0.784,886,2621,3507,1744,653,344,1059,1840,8239
2015-16,Memphis Grizzlies,42,40,7,30.5,6'6,221,82,19830,3019,6859,0.44,504,1521,0.331,2515,5338,0.471,1584,2024,0.783,916,2497,3413,1697,724,350,1090,1783,8126
2014-15,Memphis Grizzlies,55,27,5,29.6,6'7,225,82,19905,3097,6763,0.458,423,1246,0.339,2674,5517,0.485,1445,1869,0.773,856,2634,3490,1777,700,347,1094,1567,8062
2023-24,Miami Heat,46,36,8,28,6'6,219,82,19755,3266,7022,0.465,1022,2765,0.37,2244,4257,0.527,1478,1806,0.818,766,2702,3468,2116,617,280,1038,1415,9032
2022-23,Miami Heat,44,38,8,27.7,6'5,217,82,19805,3215,6991,0.46,980,2852,0.344,2235,4139,0.54,1567,1885,0.831,796,2533,3329,1955,655,243,1106,1516,8977
2021-22,Miami Heat,53,29,1,28.2,6'5,220,82,19855,3246,6954,0.467,1114,2936,0.379,2132,4018,0.531,1416,1753,0.808,807,2778,3585,2090,606,265,1194,1679,9022
2020-21,Miami Heat,40,32,6,27.4,6'6,217,72,17380,2824,6029,0.468,932,2606,0.358,1892,3423,0.553,1201,1520,0.79,579,2409,2988,1895,569,286,1013,1363,7781
2019-20,Miami Heat,44,29,5,25.9,6'6,221,73,17745,2880,6160,0.468,979,2584,0.379,1901,3576,0.532,1440,1840,0.783,620,2619,3239,1892,547,332,1088,1501,8179
2018-19,Miami Heat,39,43,10,27,6'6,222,82,19730,3251,7218,0.45,928,2658,0.349,2323,4560,0.509,1238,1782,0.695,921,2879,3800,1991,627,448,1208,1712,8668
2017-18,Miami Heat,44,38,6,26.5,6'6,217,82,19930,3184,6997,0.455,903,2506,0.36,2281,4491,0.508,1209,1601,0.755,763,2801,3564,1862,620,437,1178,1648,8480
2016-17,Miami Heat,41,41,9,26.5,6'6,218,82,19780,3202,7037,0.455,808,2213,0.365,2394,4824,0.496,1248,1768,0.706,872,2705,3577,1742,588,469,1102,1680,8460
2015-16,Miami Heat,48,34,3,28.4,6'7,221,82,19830,3150,6697,0.47,498,1480,0.336,2652,5217,0.508,1406,1889,0.744,807,2811,3618,1709,553,531,1155,1502,8204
2014-15,Miami Heat,37,45,10,28.5,6'6,212,82,19730,2885,6330,0.456,556,1659,0.335,2329,4671,0.499,1438,1940,0.741,747,2461,3208,1626,642,372,1214,1636,7764
2023-24,Milwaukee Bucks,49,33,3,30.2,6'6,223,82,19805,3538,7258,0.487,1163,3122,0.373,2375,4136,0.574,1517,1960,0.774,772,2850,3622,2176,558,413,1059,1574,9756
2022-23,Milwaukee Bucks,58,24,1,29.8,6'7,225,82,19830,3504,7411,0.473,1217,3306,0.368,2287,4105,0.557,1364,1837,0.743,914,3074,3988,2115,521,403,1199,1481,9589
2021-22,Milwaukee Bucks,51,31,3,28.5,6'6,220,82,19755,3429,7331,0.468,1153,3151,0.366,2276,4180,0.544,1459,1881,0.776,840,2990,3830,1960,623,326,1100,1494,9470
2020-21,Milwaukee Bucks,46,26,3,28.1,6'6,225,72,17330,3221,6610,0.487,1038,2669,0.389,2183,3941,0.554,1169,1539,0.76,741,2724,3465,1834,585,334,995,1244,8649
2019-20,Milwaukee Bucks,56,17,1,29.2,6'7,228,73,17595,3160,6638,0.476,1007,2840,0.355,2153,3798,0.567,1336,1800,0.742,691,3083,3774,1889,526,429,1102,1431,8663
2018-19,Milwaukee Bucks,60,22,1,26.9,6'7,228,82,19780,3555,7471,0.476,1105,3134,0.353,2450,4337,0.565,1471,1904,0.773,762,3316,4078,2136,615,486,1137,1608,9686
2017-18,Milwaukee Bucks,44,38,7,25.9,6'7,218,82,19830,3257,6807,0.478,718,2024,0.355,2539,4783,0.531,1499,1915,0.783,688,2579,3267,1905,722,443,1135,1752,8731
2016-17,Milwaukee Bucks,42,40,6,25.6,6'7,223,82,19780,3182,6715,0.474,720,1946,0.37,2462,4769,0.516,1413,1839,0.768,723,2589,3312,1984,666,436,1145,1660,8497
2015-16,Milwaukee Bucks,33,49,12,23.5,6'8,228,82,19830,3145,6740,0.467,440,1277,0.345,2705,5463,0.495,1392,1863,0.747,858,2559,3417,1895,672,475,1247,1695,8122
2014-15,Milwaukee Bucks,41,41,6,24.6,6'7,216,82,19930,3083,6722,0.459,545,1500,0.363,2538,5222,0.486,1312,1734,0.757,876,2574,3450,1932,789,403,1373,1814,8023
2023-24,Minnesota Timberwolves,56,26,3,27.2,6'7,221,82,19805,3383,6974,0.485,1037,2681,0.387,2346,4293,0.546,1461,1881,0.777,770,2807,3577,2184,647,497,1162,1544,9264
2022-23,Minnesota Timberwolves,42,40,8,25.8,6'6,218,82,19830,3515,7167,0.49,997,2731,0.365,2518,4436,0.568,1467,1942,0.755,749,2686,3435,2145,657,444,1258,1768,9494
2021-22,Minnesota Timberwolves,46,36,7,24.2,6'6,211,82,19780,3411,7458,0.457,1211,3386,0.358,2200,4072,0.54,1474,1894,0.778,921,2700,3621,2106,721,460,1175,1786,9507
2020-21,Minnesota Timberwolves,23,49,13,23.2,6'5,211,72,17405,2932,6546,0.448,944,2706,0.349,1988,3840,0.518,1265,1662,0.761,757,2376,3133,1846,632,398,1027,1507,8073
2019-20,Minnesota Timberwolves,19,45,14,24.8,6'6,213,64,15560,2586,5865,0.441,853,2540,0.336,1733,3325,0.521,1223,1624,0.753,675,2193,2868,1525,555,362,981,1370,7248
2018-19,Minnesota Timberwolves,36,46,11,26.2,6'6,219,82,19830,3413,7483,0.456,827,2357,0.351,2586,5126,0.504,1570,1995,0.787,923,2750,3673,2018,683,411,1074,1664,9223
2017-18,Minnesota Timberwolves,47,35,8,27.1,6'7,217,82,19805,3365,7063,0.476,658,1845,0.357,2707,5218,0.519,1592,1980,0.804,848,2593,3441,1861,689,345,1021,1495,8980
2016-17,Minnesota Timberwolves,31,51,13,24,6'7,218,82,19805,3235,6922,0.467,601,1723,0.349,2634,5199,0.507,1586,1986,0.799,938,2540,3478,1940,654,370,1150,1646,8657
2015-16,Minnesota Timberwolves,29,53,13,24.6,6'8,217,82,19880,3095,6668,0.464,455,1347,0.338,2640,5321,0.496,1753,2213,0.792,821,2587,3408,1916,656,375,1231,1696,8398
2014-15,Minnesota Timberwolves,16,66,15,24.4,6'7,213,82,19805,2986,6820,0.438,406,1223,0.332,2580,5597,0.461,1638,2110,0.776,949,2406,3355,1771,668,327,1231,1571,8016
2023-24,New Orleans Pelicans,49,33,8,26,6'6,219,82,19705,3484,7165,0.486,1023,2673,0.383,2461,4492,0.548,1445,1873,0.771,852,2753,3605,2210,684,378,1067,1508,9436
2022-23,New Orleans Pelicans,42,40,9,25.9,6'6,215,82,19855,3447,7180,0.48,899,2468,0.364,2548,4712,0.541,1585,2000,0.793,866,2717,3583,2122,681,337,1196,1678,9378
2021-22,New Orleans Pelicans,36,46,8,25.6,6'6,212,82,19755,3294,7212,0.457,873,2629,0.332,2421,4583,0.528,1501,1903,0.789,981,2726,3707,2047,680,328,1153,1612,8962
2020-21,New Orleans Pelicans,31,41,11,24.8,6'6,221,72,17430,3060,6412,0.477,762,2190,0.348,2298,4222,0.544,1369,1878,0.729,845,2568,3413,1872,545,315,1052,1295,8251
2019-20,New Orleans Pelicans,30,42,13,25.4,6'6,213,72,17430,3065,6598,0.465,982,2656,0.37,2083,3942,0.528,1229,1687,0.729,797,2551,3348,1932,539,358,1181,1524,8341
2018-19,New Orleans Pelicans,33,49,13,25.7,6'5,219,82,19755,3581,7563,0.473,842,2449,0.344,2739,5114,0.536,1462,1921,0.761,909,2969,3878,2216,610,441,1215,1732,9466
2017-18,New Orleans Pelicans,48,34,6,27.6,6'6,218,82,19955,3500,7241,0.483,837,2312,0.362,2663,4929,0.54,1324,1716,0.772,712,2924,3636,2195,657,485,1223,1570,9161
2016-17,New Orleans Pelicans,34,48,10,25.7,6'6,220,82,19905,3210,7130,0.45,768,2196,0.35,2442,4934,0.495,1368,1825,0.75,703,2879,3582,1869,638,453,1054,1490,8556
2015-16,New Orleans Pelicans,30,52,12,26.6,6'6,223,82,19780,3153,7040,0.448,702,1951,0.36,2451,5089,0.482,1415,1823,0.776,782,2712,3494,1818,633,342,1102,1713,8423
2014-15,New Orleans Pelicans,45,37,8,25.3,6'7,221,82,19780,3108,6795,0.457,586,1583,0.37,2522,5212,0.484,1345,1790,0.751,942,2621,3563,1806,553,510,1087,1530,8147
2023-24,New York Knicks,50,32,2,26.4,6'5,217,82,19730,3385,7272,0.465,1083,2936,0.369,2302,4336,0.531,1396,1789,0.78,1039,2665,3704,1998,612,336,1085,1447,9249
2022-23,New York Knicks,47,35,5,24.5,6'6,218,82,19955,3444,7328,0.47,1037,2930,0.354,2407,4398,0.547,1589,2087,0.761,1031,2790,3821,1880,527,340,1065,1666,9514
2021-22,New York Knicks,37,45,11,26,6'6,218,82,19780,3088,7069,0.437,1082,3029,0.357,2006,4040,0.497,1473,1980,0.744,941,2841,3782,1793,570,399,1087,1672,8731
2020-21,New York Knicks,41,31,4,25.6,6'6,217,72,17430,2839,6225,0.456,847,2163,0.392,1992,4062,0.49,1181,1506,0.784,696,2554,3250,1541,507,365,932,1473,7706
2019-20,New York Knicks,21,45,12,24.5,6'6,222,66,15965,2638,5896,0.447,631,1872,0.337,2007,4024,0.499,1076,1550,0.694,795,2274,3069,1456,504,313,946,1464,6983
2018-19,New York Knicks,17,65,15,23.4,6'6,221,82,19780,3134,7241,0.433,823,2421,0.34,2311,4820,0.479,1484,1956,0.759,857,2811,3668,1646,557,422,1151,1713,8575
2017-18,New York Knicks,29,53,11,26.3,6'7,219,82,19830,3334,7193,0.464,673,1914,0.352,2661,5279,0.504,1225,1557,0.787,859,2752,3611,1912,552,421,1208,1682,8566
2016-17,New York Knicks,31,51,12,27.3,6'7,216,82,19855,3244,7256,0.447,704,2022,0.348,2540,5234,0.485,1364,1731,0.788,983,2723,3706,1786,581,455,1139,1668,8556
2015-16,New York Knicks,32,50,13,27.2,6'7,226,82,19805,3022,6886,0.439,610,1762,0.346,2412,5124,0.471,1411,1753,0.805,850,2788,3638,1682,467,466,1099,1616,8065
2014-15,New York Knicks,17,65,15,26.9,6'6,217,82,19855,2882,6726,0.428,560,1614,0.347,2322,5112,0.454,1211,1575,0.769,867,2443,3310,1746,575,382,1206,1768,7535
2023-24,Okhlahoma City Thunder,57,25,1,23.4,6'6,201,82,19805,3653,7324,0.499,1090,2805,0.389,2563,4519,0.567,1451,1759,0.825,722,2725,3447,2223,694,538,1039,1545,9847
2022-23,Okhlahoma City Thunder,40,42,10,22.8,6'6,203,82,19855,3533,7590,0.465,995,2797,0.356,2538,4793,0.53,1572,1944,0.809,934,2645,3579,2002,676,341,1069,1722,9633
2021-22,Okhlahoma City Thunder,24,58,14,22.4,6'6,206,82,19805,3141,7310,0.43,991,3066,0.323,2150,4244,0.507,1233,1632,0.756,854,2887,3741,1822,622,380,1145,1497,8506
2020-21,Okhlahoma City Thunder,22,50,14,22.8,6'7,209,72,17355,2795,6338,0.441,857,2529,0.339,1938,3809,0.509,1113,1536,0.725,715,2568,3283,1588,504,316,1162,1305,7560
2019-20,Okhlahoma City Thunder,44,28,5,25.5,6'5,206,72,17430,2879,6156,0.468,770,2171,0.355,2109,3985,0.529,1422,1787,0.796,593,2495,3088,1562,550,353,986,1390,7950
2018-19,Okhlahoma City Thunder,49,33,6,25.7,6'6,214,82,19855,3497,7706,0.454,932,2677,0.348,2565,5029,0.51,1461,2049,0.713,1031,2911,3942,1917,766,425,1145,1839,9387
2017-18,Okhlahoma City Thunder,48,34,4,27.3,6'7,219,82,19830,3271,7221,0.453,881,2491,0.354,2390,4730,0.505,1421,1985,0.716,1024,2671,3695,1750,743,412,1147,1653,8844
2016-17,Okhlahoma City Thunder,47,35,6,24.7,6'7,218,82,19805,3237,7169,0.452,692,2116,0.327,2545,5053,0.504,1575,2113,0.745,1002,2821,3823,1721,648,408,1230,1715,8741
2015-16,Okhlahoma City Thunder,55,27,3,25.8,6'7,227,82,19830,3372,7082,0.476,678,1945,0.349,2694,5137,0.524,1616,2067,0.782,1071,2916,3987,1883,603,487,1305,1691,9038
2014-15,Okhlahoma City Thunder,45,37,9,25.4,6'6,221,82,19830,3184,7119,0.447,632,1864,0.339,2552,5255,0.486,1524,2020,0.754,1052,2844,3896,1681,598,454,1205,1829,8524
2023-24,Orlando Magic,47,35,5,24,6'7,224,82,19780,3318,6964,0.476,903,2568,0.352,2415,4396,0.549,1519,2002,0.759,861,2608,3469,2023,669,423,1206,1618,9058
2022-23,Orlando Magic,34,48,13,23.1,6'7,224,82,19780,3323,7074,0.47,883,2551,0.346,2440,4523,0.539,1607,2050,0.784,833,2713,3546,1906,603,382,1236,1652,9136
2021-22,Orlando Magic,22,60,15,23.3,6'6,219,82,19780,3139,7240,0.434,999,3022,0.331,2140,4218,0.507,1270,1614,0.787,746,2885,3631,1947,555,367,1188,1612,8547
2020-21,Orlando Magic,21,51,14,25.6,6'6,218,72,17330,2754,6423,0.429,784,2288,0.343,1970,4135,0.476,1196,1543,0.775,747,2525,3272,1571,496,318,924,1237,7488
2019-20,Orlando Magic,33,40,8,26.1,6'6,217,73,17570,2871,6468,0.444,807,2354,0.343,2064,4114,0.502,1282,1656,0.774,751,2498,3249,1747,599,396,937,1336,7831
2018-19,Orlando Magic,42,40,7,25.7,6'6,218,82,19780,3316,7307,0.454,937,2633,0.356,2379,4674,0.509,1231,1575,0.782,822,2902,3724,2095,543,445,1082,1526,8800
2017-18,Orlando Magic,25,57,14,25.6,6'6,213,82,19730,3182,7042,0.452,844,2405,0.351,2338,4637,0.504,1271,1678,0.757,722,2692,3414,1921,622,400,1192,1579,8479
2016-17,Orlando Magic,29,53,13,25.3,6'7,218,82,19805,3139,7133,0.44,701,2139,0.328,2438,4994,0.488,1309,1753,0.747,807,2734,3541,1820,580,396,1091,1584,8288
2015-16,Orlando Magic,35,47,11,23.9,6'7,219,82,19905,3242,7120,0.455,636,1818,0.35,2606,5302,0.492,1249,1649,0.757,843,2709,3552,1933,673,417,1155,1701,8369
2014-15,Orlando Magic,25,57,13,24.3,6'7,221,82,19755,3076,6792,0.453,554,1598,0.347,2522,5194,0.486,1141,1565,0.729,822,2607,3429,1692,647,314,1221,1714,7847
2023-24,Philadelphia 76ers,47,35,7,28.4,6'6,214,82,19780,3404,7331,0.464,992,2733,0.363,2412,4598,0.525,1597,1934,0.826,906,2616,3522,2041,694,492,984,1668,9397
2022-23,Philadelphia 76ers,54,28,3,28.2,6'6,224,82,19880,3347,6870,0.487,1035,2675,0.387,2312,4195,0.551,1719,2058,0.835,715,2641,3356,2063,635,389,1121,1675,9448
2021-22,Philadelphia 76ers,51,31,4,26.8,6'6,220,82,19805,3230,6932,0.466,950,2608,0.364,2280,4324,0.527,1605,1955,0.821,700,2770,3470,1945,633,435,1027,1590,9015
2020-21,Philadelphia 76ers,49,23,1,27.1,6'6,222,72,17430,2981,6257,0.476,811,2169,0.374,2170,4088,0.531,1409,1836,0.767,722,2522,3244,1706,655,447,1040,1456,8182
2019-20,Philadelphia 76ers,43,30,6,26.3,6'7,224,73,17595,3000,6417,0.468,848,2307,0.368,2152,4110,0.524,1236,1638,0.755,764,2553,3317,1884,586,389,1037,1529,8084
2018-19,Philadelphia 76ers,51,31,3,26.4,6'7,226,82,19805,3407,7233,0.471,889,2474,0.359,2518,4759,0.529,1742,2258,0.771,892,3025,3917,2207,606,432,1223,1745,9445
2017-18,Philadelphia 76ers,52,30,3,25.8,6'7,220,82,19780,3349,7098,0.472,901,2445,0.369,2448,4653,0.526,1405,1868,0.752,893,2996,3889,2221,682,420,1353,1811,9004
2016-17,Philadelphia 76ers,28,54,14,24.6,6'7,219,82,19830,3088,6992,0.442,831,2443,0.34,2257,4549,0.496,1393,1806,0.771,807,2706,3513,1949,692,420,1366,1793,8400
2015-16,Philadelphia 76ers,10,72,15,23.3,6'6,215,82,19805,2970,6887,0.431,764,2255,0.339,2206,4632,0.476,1284,1850,0.694,777,2605,3382,1765,680,495,1343,1780,7988
2014-15,Philadelphia 76ers,18,64,14,23.2,6'7,214,82,19805,2765,6777,0.408,692,2160,0.32,2073,4617,0.449,1320,1953,0.676,978,2536,3514,1683,789,487,1453,1778,7542
2023-24,Phoenix Suns,49,33,6,29.3,6'6,225,82,19780,3482,7063,0.493,1020,2671,0.382,2462,4392,0.561,1548,1915,0.808,831,2783,3614,2218,610,492,1221,1475,9532
2022-23,Phoenix Suns,45,37,4,28.1,6'6,216,82,19780,3453,7388,0.467,1001,2674,0.374,2452,4714,0.52,1412,1781,0.793,971,2657,3628,2235,585,432,1110,1739,9319
2021-22,Phoenix Suns,64,18,1,27.5,6'6,214,82,19730,3581,7389,0.485,951,2616,0.364,2630,4773,0.551,1303,1635,0.797,801,2913,3714,2244,702,359,1060,1633,9416
2020-21,Phoenix Suns,51,21,2,26.6,6'6,212,72,17480,3118,6357,0.49,940,2490,0.378,2178,3867,0.563,1124,1347,0.834,630,2462,3092,1939,517,312,902,1374,8300
2019-20,Phoenix Suns,34,39,10,24.6,6'6,212,73,17595,3006,6429,0.468,831,2320,0.358,2175,4109,0.529,1451,1740,0.834,712,2465,3177,1987,559,290,1077,1609,8294
2018-19,Phoenix Suns,19,63,15,24,6'7,213,82,19880,3289,7164,0.459,790,2400,0.329,2499,4764,0.525,1447,1858,0.779,748,2563,3311,1957,735,418,1279,1932,8815
2017-18,Phoenix Suns,21,61,15,23.7,6'7,215,82,19705,3153,7141,0.442,763,2286,0.334,2390,4855,0.492,1453,1962,0.741,842,2776,3618,1743,569,370,1289,1807,8522
2016-17,Phoenix Suns,24,58,15,25,6'6,219,82,19830,3270,7260,0.45,615,1854,0.332,2655,5406,0.491,1676,2159,0.776,976,2712,3688,1604,673,399,1265,2030,8831
2015-16,Phoenix Suns,23,59,14,26,6'7,223,82,19705,3051,7018,0.435,738,2118,0.348,2313,4900,0.472,1431,1905,0.751,943,2733,3676,1701,632,313,1410,1858,8271
2014-15,Phoenix Suns,39,43,10,25.7,6'6,217,82,19880,3178,7038,0.452,698,2048,0.341,2480,4990,0.497,1343,1767,0.76,896,2643,3539,1659,700,385,1238,1744,8397
2023-24,Portland Trail Blazers,21,61,15,24.1,6'7,215,82,19880,3227,7356,0.439,939,2723,0.345,2288,4633,0.494,1329,1680,0.791,1036,2469,3505,1894,627,354,1249,1654,8722
2022-23,Portland Trail Blazers,33,49,13,25.1,6'6,215,82,19730,3317,7001,0.474,1056,2893,0.365,2261,4108,0.55,1609,2021,0.796,774,2551,3325,1981,553,376,1185,1643,9299
2021-22,Portland Trail Blazers,27,55,13,25.6,6'5,214,82,19730,3161,7144,0.442,1043,3017,0.346,2118,4127,0.513,1346,1771,0.76,854,2661,3515,1880,657,366,1187,1728,8711
2020-21,Portland Trail Blazers,42,30,6,27.4,6'5,216,72,17305,2973,6558,0.453,1132,2939,0.385,1841,3619,0.509,1282,1558,0.823,766,2441,3207,1531,496,363,799,1362,8360
2019-20,Portland Trail Blazers,35,39,8,27.5,6'6,216,74,17835,3122,6749,0.463,952,2525,0.377,2170,4224,0.514,1312,1632,0.804,754,2599,3353,1525,465,451,946,1606,8508
2018-19,Portland Trail Blazers,53,29,3,26.2,6'6,220,82,19855,3470,7427,0.467,904,2520,0.359,2566,4907,0.523,1558,1914,0.814,967,2968,3935,1887,546,413,1135,1669,9402
2017-18,Portland Trail Blazers,49,33,3,25.6,6'6,217,82,19755,3222,7132,0.452,845,2308,0.366,2377,4824,0.493,1372,1715,0.8,835,2893,3728,1599,573,423,1109,1599,8661
2016-17,Portland Trail Blazers,41,41,8,24.8,6'7,218,82,19930,3243,7059,0.459,852,2272,0.375,2391,4787,0.499,1513,1940,0.78,830,2750,3580,1733,574,408,1126,1736,8851
2015-16,Portland Trail Blazers,44,38,5,24.3,6'7,218,82,19805,3167,7040,0.45,864,2336,0.37,2303,4704,0.49,1424,1889,0.754,948,2782,3730,1748,562,380,1200,1782,8622
2014-15,Portland Trail Blazers,51,31,4,27,6'7,218,82,19855,3175,7049,0.45,807,2231,0.362,2368,4818,0.491,1272,1589,0.801,879,2881,3760,1799,525,372,1117,1494,8429
2023-24,Sacramento Kings,46,36,9,26.4,6'6,212,82,19855,3553,7455,0.477,1178,3219,0.366,2375,4236,0.561,1274,1710,0.745,888,2719,3607,2324,625,342,1078,1632,9558
2022-23,Sacramento Kings,48,34,3,25.4,6'6,213,82,19830,3573,7232,0.494,1128,3060,0.369,2445,4172,0.586,1624,2055,0.79,782,2699,3481,2237,574,275,1106,1616,9898
2021-22,Sacramento Kings,30,52,12,25.8,6'6,215,82,19805,3321,7223,0.46,937,2722,0.344,2384,4501,0.53,1466,1908,0.768,784,2737,3521,1943,588,369,1156,1552,9045
2020-21,Sacramento Kings,31,41,12,25.6,6'6,214,72,17305,3067,6382,0.481,874,2400,0.364,2193,3982,0.551,1181,1585,0.745,674,2307,2981,1836,543,358,963,1400,8189
2019-20,Sacramento Kings,31,41,12,27,6'6,218,72,17455,2943,6364,0.462,914,2511,0.364,2029,3853,0.527,1127,1464,0.77,695,2372,3067,1713,556,293,1043,1595,7927
2018-19,Sacramento Kings,39,43,9,24.8,6'6,218,82,19730,3541,7637,0.464,927,2455,0.378,2614,5182,0.504,1354,1865,0.726,906,2819,3725,2083,679,363,1095,1751,9363
2017-18,Sacramento Kings,27,55,12,26.3,6'6,214,82,19755,3179,7063,0.45,738,1967,0.375,2441,5096,0.479,1008,1371,0.735,777,2578,3355,1768,643,340,1125,1639,8104
2016-17,Sacramento Kings,32,50,12,27.8,6'6,220,82,19880,3105,6734,0.461,737,1960,0.376,2368,4774,0.496,1483,1913,0.775,715,2652,3367,1844,627,324,1201,1667,8430
2015-16,Sacramento Kings,33,49,10,26.6,6'6,220,82,19805,3283,7083,0.464,660,1839,0.359,2623,5244,0.5,1514,2089,0.725,868,2760,3628,2009,733,368,1326,1676,8740
2014-15,Sacramento Kings,29,53,13,26,6'7,221,82,19855,3010,6617,0.455,461,1350,0.341,2549,5267,0.484,1829,2400,0.762,895,2728,3623,1667,550,324,1333,1696,8310
2023-24,San Antonio Spurs,22,60,14,23,6'7,212,82,19830,3438,7436,0.462,1036,2983,0.347,2402,4453,0.539,1280,1637,0.782,849,2778,3627,2449,584,520,1242,1414,9192
2022-23,San Antonio Spurs,22,60,15,23.9,6'6,217,82,19855,3533,7593,0.465,911,2640,0.345,2622,4953,0.529,1292,1739,0.743,965,2619,3584,2232,572,322,1253,1630,9269
2021-22,San Antonio Spurs,34,48,10,24.5,6'6,211,82,19805,3546,7601,0.467,925,2626,0.352,2621,4975,0.527,1262,1673,0.754,901,2815,3716,2289,626,403,1043,1483,9279
2020-21,San Antonio Spurs,33,39,10,26.2,6'6,214,72,17480,3014,6518,0.462,716,2046,0.35,2298,4472,0.514,1254,1584,0.792,669,2489,3158,1759,505,366,821,1293,7998
2019-20,San Antonio Spurs,32,39,11,27.6,6'6,216,71,17215,2995,6350,0.472,760,2021,0.376,2235,4329,0.516,1348,1664,0.81,640,2530,3170,1751,518,390,895,1377,8098
2018-19,San Antonio Spurs,48,34,7,28.8,6'6,222,82,19805,3468,7248,0.478,812,2071,0.392,2656,5177,0.513,1408,1720,0.819,757,2910,3667,2013,501,386,992,1487,9156
2017-18,San Antonio Spurs,47,35,7,29.3,6'6,214,82,19730,3202,6999,0.457,696,1977,0.352,2506,5022,0.499,1324,1715,0.772,849,2777,3626,1868,628,460,1078,1408,8424
2016-17,San Antonio Spurs,61,21,2,29.6,6'7,222,82,19805,3222,6864,0.469,753,1927,0.391,2469,4937,0.5,1440,1806,0.797,821,2777,3598,1954,655,484,1101,1498,8637
2015-16,San Antonio Spurs,67,15,2,30.3,6'7,223,82,19705,3289,6797,0.484,570,1518,0.375,2719,5279,0.515,1342,1672,0.803,770,2831,3601,2010,677,485,1071,1433,8490
2014-15,San Antonio Spurs,55,27,6,29.8,6'6,215,82,19955,3208,6854,0.468,677,1847,0.367,2531,5007,0.505,1368,1754,0.78,806,2772,3578,2000,657,444,1146,1564,8461
2023-24,Toronto Raptors,25,57,12,25.9,6'6,212,82,19805,3466,7356,0.471,942,2712,0.347,2524,4644,0.543,1339,1772,0.756,891,2607,3498,2335,634,388,1147,1509,9213
2022-23,Toronto Raptors,41,41,9,25.8,6'6,217,82,19805,3434,7489,0.459,880,2626,0.335,2554,4863,0.525,1506,1922,0.784,1043,2485,3528,1961,772,424,956,1641,9254
2021-22,Toronto Raptors,48,34,5,24.8,6'6,216,82,19855,3332,7489,0.445,979,2808,0.349,2353,4681,0.503,1327,1749,0.759,1095,2622,3717,1809,738,376,1021,1607,8970
2020-21,Toronto Raptors,27,45,12,26.6,6'5,215,72,17305,2859,6383,0.448,1041,2831,0.368,1818,3552,0.512,1252,1536,0.815,680,2314,2994,1735,618,389,952,1526,8011
2019-20,Toronto Raptors,53,19,2,26.6,6'5,215,72,17380,2897,6331,0.458,995,2663,0.374,1902,3668,0.519,1329,1670,0.796,685,2583,3268,1816,636,358,1067,1559,8118
2018-19,Toronto Raptors,58,24,2,27.3,6'5,219,82,19880,3460,7305,0.474,1015,2771,0.366,2445,4534,0.539,1449,1803,0.804,786,2920,3706,2085,680,437,1150,1724,9384
2017-18,Toronto Raptors,59,23,1,25.8,6'6,223,82,19830,3383,7169,0.472,968,2705,0.358,2415,4464,0.541,1422,1790,0.794,800,2807,3607,1995,626,500,1095,1783,9156
2016-17,Toronto Raptors,51,31,3,26.1,6'6,222,82,19780,3211,6918,0.464,725,1996,0.363,2486,4922,0.505,1615,2028,0.796,871,2676,3547,1517,677,400,1041,1708,8762
2015-16,Toronto Raptors,56,26,2,26.3,6'6,222,82,19780,3006,6669,0.451,708,1915,0.37,2298,4754,0.483,1702,2190,0.777,836,2724,3560,1536,636,449,1073,1610,8422
2014-15,Toronto Raptors,49,33,4,26.1,6'6,213,82,19855,3108,6829,0.455,726,2060,0.352,2382,4769,0.499,1585,2014,0.787,881,2526,3407,1701,615,357,1057,1712,8527
2023-24,Utah Jazz,31,51,12,25.1,6'7,217,82,19805,3443,7371,0.467,1060,2993,0.354,2383,4378,0.544,1538,1853,0.83,1002,2725,3727,2232,537,458,1285,1523,9484
2022-23,Utah Jazz,37,45,12,26.5,6'6,218,82,19805,3485,7365,0.473,1094,3099,0.353,2391,4266,0.56,1536,1955,0.786,968,2794,3762,2129,500,429,1259,1679,9600
2021-22,Utah Jazz,49,33,5,29.3,6'5,222,82,19730,3327,7067,0.471,1192,3308,0.36,2135,3759,0.568,1470,1916,0.767,884,2916,3800,1836,588,402,1149,1547,9316
2020-21,Utah Jazz,52,20,1,28.5,6'6,222,72,17355,2971,6344,0.468,1205,3098,0.389,1766,3246,0.544,1235,1546,0.799,765,2709,3474,1703,474,371,1023,1335,8382
2019-20,Utah Jazz,44,28,6,27.3,6'6,222,72,17355,2886,6130,0.471,963,2537,0.38,1923,3593,0.535,1278,1641,0.779,656,2577,3233,1615,438,292,1089,1468,8013
2018-19,Utah Jazz,50,32,5,27.3,6'6,226,82,19755,3314,7082,0.468,993,2789,0.356,2321,4293,0.541,1540,2092,0.736,820,2981,3801,2133,663,483,1240,1728,9161
2017-18,Utah Jazz,48,34,5,26.7,6'7,224,82,19755,3139,6797,0.462,887,2425,0.366,2252,4372,0.515,1375,1766,0.779,740,2807,3547,1839,708,420,1205,1608,8540
2016-17,Utah Jazz,51,31,5,26.8,6'7,225,82,19755,3033,6515,0.466,791,2128,0.372,2242,4387,0.511,1401,1875,0.747,771,2774,3545,1651,550,410,1118,1545,8258
2015-16,Utah Jazz,40,42,9,24.2,6'7,222,82,19955,2957,6593,0.449,694,1956,0.355,2263,4637,0.488,1402,1885,0.744,880,2665,3545,1555,631,425,1224,1655,8010
2014-15,Utah Jazz,38,44,11,23.4,6'7,216,82,19705,2900,6492,0.447,610,1781,0.343,2290,4711,0.486,1391,1929,0.721,988,2617,3605,1632,623,489,1256,1583,7801
2023-24,Washington Wizards,15,67,14,24.9,6'6,210,82,19730,3523,7493,0.47,1015,2915,0.348,2508,4578,0.548,1266,1657,0.764,755,2613,3368,2288,623,415,1147,1637,9327
2022-23,Washington Wizards,35,47,12,26.2,6'7,213,82,19755,3456,7127,0.485,925,2601,0.356,2531,4526,0.559,1442,1838,0.785,774,2804,3578,2083,561,424,1158,1539,9279
2021-22,Washington Wizards,35,47,12,25.9,6'6,214,82,19830,3327,7056,0.472,860,2512,0.342,2467,4544,0.543,1393,1778,0.783,737,2798,3535,2052,522,406,1077,1545,8907
2020-21,Washington Wizards,34,38,8,26.6,6'6,216,72,17405,3108,6547,0.475,733,2088,0.351,2375,4459,0.533,1449,1884,0.769,697,2557,3254,1835,528,297,1037,1555,8398
2019-20,Washington Wizards,25,47,10,25.1,6'5,211,72,17355,2990,6544,0.457,864,2345,0.368,2126,4199,0.506,1394,1770,0.788,732,2295,3027,1801,574,309,1020,1634,8238
2018-19,Washington Wizards,32,50,11,26.5,6'6,220,82,19930,3456,7387,0.468,930,2731,0.341,2526,4656,0.543,1508,1963,0.768,794,2679,3473,2154,683,379,1154,1701,9350
2017-18,Washington Wizards,43,39,8,26.9,6'7,216,82,19855,3275,7018,0.467,814,2173,0.375,2461,4845,0.508,1378,1786,0.772,823,2713,3536,2065,645,353,1196,1746,8742
2016-17,Washington Wizards,49,33,4,26,6'7,216,82,19855,3388,7137,0.475,756,2030,0.372,2632,5107,0.515,1421,1812,0.784,843,2671,3514,1956,693,336,1162,1745,8953
2015-16,Washington Wizards,41,41,10,27.3,6'6,214,82,19755,3238,7033,0.46,709,1983,0.358,2529,5050,0.501,1349,1849,0.73,743,2688,3431,2005,708,323,1186,1708,8534
2014-15,Washington Wizards,46,36,5,28.6,6'7,221,82,19955,3139,6790,0.462,497,1381,0.36,2642,5409,0.488,1305,1758,0.742,862,2801,3663,1969,601,378,1233,1707,8080
